Index_Row;HudsonAlpha ID;Alternate ID;Strain;Generation_JAX;DOB;Age at death (days);Parents ;Type;Source;Team;Organism ;Sex ;Tissue;longranger_version;instrument_id; gems_detected ; mean_dna_per_gem ;bc_on_whitelist;bc_mean_qscore;n50_linked_reads_per_molecule;corrected_loaded_mass_ng; snps_phased ;genes_phased_lt_100kb; longest_phase_block ; n50_phase_block ; molecule_length_mean ; molecule_length_stddev ; number_reads ;median_insert_size; mean_depth ;zero_coverage;mapped_reads;pcr_duplication;on_target_bases;r1_q20_bases_fract;r1_q30_bases_fract;r2_q20_bases_fract;r2_q30_bases_fract;si_q20_bases_fract;si_q30_bases_fract;bc_q20_bases_fract;bc_q30_bases_fract;large_sv_calls;short_deletion_calls
1;4512-JFI-0333;4512-JFI-0173;C57BL/6J;F226pF2;20.12.2016;23;Foundation Stock;Inbred;JAX Foundation Stock;WPP;Mus musculus ;male ;spleen;02.01.2006;E00247;1 642 443;506 897;0,9472;38,3999;26;1,192;0,678;;718 323;62 189;47 465;36 755;859 918 292;344;42;0,0000726;0,975921;0,051585;;0,964;0,923;0,878;0,765;0,968;0,944;0,993;0,98;94;1408
1,1;4512-JFI-0333;4512-JFI-0173;C57BL/6J 2 lanes;F226pF3;21.12.2016;23;Foundation Stock;Inbred;JAX Foundation Stock;WPP;Mus musculus ;male ;spleen;02.01.2006;"E00247;E00316";1 643 255;515 865;0,9456;38,21072693;43;1,214;0,714973715;;617 851;73 768;46 222;37 632;1 417 807 208;353;69,1;0,000028;0,975121121;0,068331356;;0,961;0,915;0,893;0,795;0,963;0,936;0,99;0,974;105;1572
2;4512-JFI-0334;4512-JFI-0174;DBA/2J 3 lanes;F219pF4;20.12.2016;23;Foundation Stock;Inbred;JAX Foundation Stock;WPP;Mus musculus ;male ;spleen;02.01.2006;"E00247;E00316";1 572 620;514 314;0,9413;38,0122;39;1,21;0,885;;1 197 852;77 598;23 258;30 148;753 960 107;329;107,8;0,0049899;0,966703;0,101492;;0,95;0,895;0,885;0,79;0,962;0,933;0,988;0,967;561;17145
3;4512-JFI-0334;4512-JFI-0174;DBA/2J;F219pF4;20.12.2016;23;Foundation Stock;Inbred;JAX Foundation Stock;WPP;Mus musculus ;male ;spleen;02.01.2006;E00247;1 569 663;472 654;0,9423;38,4531;13;1,112;0,861;;748 671;65 995;25 462;23 243;736 796 182;327;35,3;0,0077672;0,970686;0,037808;;0,957;0,912;0,881;0,779;0,964;0,941;0,993;0,981;199;20847
4;4512-JFI-0341;4512-JFI-0181;BXD149;F9N4F7;27.08.2016;143;CB16L4351;F2 RI;UTHSC;WPP;Mus musculus ;male ;spleen;02.01.2006;E00224;1 564 436;608 606;0,9525;38,0817;21;1,432;0,877;;4 134 405;96 772;43 390;32 085;834 524 376;338;40,7;0,0042548;0,976812;0,047151;;0,955;0,902;0,879;0,764;0,964;0,935;0,989;0,971;144;11732
5;4512-JFI-0342;4512-JFI-0182;BXD178;F23;07.11.2016;24;CB16L4377;G9 RI;UTHSC;WPP;Mus musculus ;male ;spleen;02.01.2006;E00224;1 544 882;454 623;0,9519;38,1435;25;1,069;0,877;;10 776 008;83 832;38 179;29 366;847 012 392;333;41,2;0,0042234;0,977245;0,050031;;0,956;0,904;0,878;0,767;0,963;0,936;0,99;0,972;191;11746
6;4512-JFI-0343;4512-JFI-0183;BXD202;F15;28.09.2016;64;CB16J4171;F2 RI;UTHSC;WPP;Mus musculus ;male ;spleen;02.01.2006;E00224;1 573 625;536 659;0,9527;38,0817;17;1,262;0,895;;3 764 218;61 259;27 164;23 930;849 618 456;313;41,3;0,0036117;0,978537;0,051952;;0,956;0,903;0,881;0,769;0,967;0,94;0,989;0,971;209;11977
7;4512-JFI-0344;4512-JFI-0184;BXD029;F38+pF20;04.10.2016;36;489, 490 x 491 ;F2 RI;JAX;WPP;Mus musculus ;male ;spleen;02.01.2006;E00224;1 554 668;407 124;0,9521;38,0903;33;0,958;0,834;;5 156 547;108 447;44 427;36 680;827 351 330;332;40,2;0,0027835;0,975745;0,052377;;0,955;0,901;0,876;0,761;0,949;0,913;0,989;0,971;232;9960
8;4512-JFI-0345;4512-JFI-0185;BXD029_Tlr4;F136+F33;01.10.2016;39;1130, 1131 x 1132;F2 RI;JAX;WPP;Mus musculus ;male ;spleen;02.01.2006;E00438;1 578 263;551 989;0,9501;38,3542;21;1,298;0,819;;1 614 701;75 977;36 494;30 047;906 740 858;315;43,7;0,0028345;0,976676;0,043941;;0,944;0,882;0,842;0,707;0,964;0,936;0,992;0,978;188;10062
9;4512-JFI-0346;4512-JFI-0186;BXD028;F76+F40;06.10.2016;34;980, 981 x 982   ;F2 RI;JAX;WPP;Mus musculus ;male ;spleen;02.01.2006;E00364;1 544 512;383 108;0,94;37,8469;19;0,901;0,817;;954 750;59 679;25 277;25 856;743 051 458;317;35;0,0036739;0,965357;0,061354;;0,929;0,856;0,831;0,69;0,96;0,927;0,987;0,962;201;11066
10;4512-JFI-0347;4512-JFI-0187;BXD024;F114;10.07.2016;192;ME16J4188;F2 RI;UTHSC;WPP;Mus musculus ;male ;spleen;02.01.2006;E00364;1 602 762;487 998;0,9387;37,8;16;1,148;0,87;;1 104 182;63 368;27 144;25 655;745 544 478;329;35,5;0,005226;0,966783;0,060991;;0,938;0,871;0,836;0,697;0,965;0,936;0,986;0,961;181;13305
11;4512-JFI-0348;4512-JFI-0188;BXD024_Cep290;F140+F40;07.10.2016;33;1418, 1419 x 1420;F2 RI;JAX;WPP;Mus musculus ;male ;spleen;02.01.2006;ST-E00273;1 574 765;420 733;0,9387;38,1603;30;0,99;0,846;;1 481 139;96 208;38 731;33 896;838 436 412;360;39,6;0,0043932;0,962768;0,056904;;0,946;0,888;0,804;0,649;0,961;0,933;0,99;0,973;233;13888
12;4512-JFI-0349;4512-JFI-0189;BXD055;F26+F19;11.10.2016;23;377, 378 x 379;G14 RI;JAX;WPP;Mus musculus ;male ;spleen;02.01.2006;ST-E00273;1 631 431;434 277;0,9394;38,1561;31;1,022;0,823;;1 718 655;101 067;42 321;33 838;837 665 908;358;39,7;0,004025;0,966452;0,058228;;0,947;0,889;0,806;0,649;0,966;0,942;0,99;0,973;205;12279
13;4512-JFI-0350;4512-JFI-0190;BXD022;F128+pF16;06.09.2013;1160;Pool;F2 RI;JAX;WPP;Mus musculus ;male ;spleen;02.01.2006;ST-E00273;1 599 167;476 577;0,9378;37,907;18;1,121;0,816;;1 028 933;58 691;26 642;25 469;782 598 756;351;36,9;0,0027026;0,962813;0,053814;;0,939;0,872;0,805;0,648;0,96;0,929;0,988;0,965;271;10720
14;4512-JFI-0351;4512-JFI-0191;BXD201;F10;07.01.2017;11;ME16B2816;F2 RI;UTHSC;WPP;Mus musculus ;male ;spleen;02.01.2006;ST-E00273;1 581 251;284 850;0,9408;38,0313;23;0,67;0,929;;5 641 622;54 913;18 645;22 139;769 836 192;372;35,4;0,0034078;0,954185;0,080362;;0,934;0,865;0,808;0,656;0,948;0,916;0,989;0,969;301;11509
15;4512-JFI-0352;4512-JFI-0192;BXD144;F28;06.10.2016;56;CB16K4208;F2 RI;UTHSC;WPP;Mus musculus ;male ;spleen;02.01.2006;ST-E00273;1 555 866;517 001;0,9413;38,1667;23;1,216;0,83;;3 902 054;92 393;40 325;35 276;826 483 660;352;39,2;0,003391;0,969973;0,047569;;0,948;0,89;0,82;0,662;0,961;0,934;0,99;0,973;166;10762
16;4512-JFI-0353;4512-JFI-0193;BXD180;F26;03.10.2016;59;CB16J4160;G9 RI;UTHSC;WPP;Mus musculus ;male ;spleen;02.01.2006;ST-E00273;1 564 448;308 744;0,941;38,1878;24;0,726;0,827;;822 621;54 140;23 366;23 458;833 367 254;356;39;0,0034474;0,957385;0,083729;;0,945;0,886;0,807;0,653;0,964;0,937;0,991;0,974;232;12047
17;4512-JFI-0354;4512-JFI-0194;BXD199;F18;23.10.2016;39;CB16K4314;F2 RI;UTHSC;WPP;Mus musculus ;male ;spleen;02.01.2006;ST-E00273;1 587 524;467 524;0,9424;37,821;18;1,1;0,854;;5 839 178;75 774;36 368;30 030;757 437 310;333;35,8;0,0036575;0,958021;0,056435;;0,942;0,876;0,792;0,629;0,957;0,922;0,987;0,962;168;10522
18;4512-JFI-0355;4512-JFI-0195;BXD152;F26;12.10.2016;50;CB16K4273;F2 RI;UTHSC;WPP;Mus musculus ;male ;spleen;02.01.2006;ST-E00273;1 575 893;396 053;0,9437;38,0589;36;0,932;0,86;;5 939 585;146 955;54 920;47 231;816 053 276;343;38,9;0,0037014;0,961953;0,071858;;0,951;0,894;0,805;0,648;0,957;0,925;0,99;0,97;247;12147
19;4512-JFI-0356;4512-JFI-0196;BXD034;F44+F35;26.09.2016;38;1131, 1132 x 1133;F2 RI;JAX;WPP;Mus musculus ;male ;spleen;02.01.2006;E00247;1 509 216;469 752;0,9425;38,1325;22;1,105;0,831;;857 124;66 844;31 578;25 254;833 042 056;340;40,2;0,0029598;0,972245;0,085062;;0,958;0,911;0,881;0,767;0,963;0,933;0,99;0,972;174;12056
20;4512-JFI-0357;4512-JFI-0197;BXD156;F28;09.10.2016;53;CB16K4212;F2 RI;UTHSC;WPP;Mus musculus ;male ;spleen;02.01.2006;E00247;1 523 811;460 215;0,9419;38,0487;23;1,083;0,836;;1 373 405;68 259;32 287;25 942;818 769 504;336;39,4;0,0039565;0,972827;0,10224;;0,955;0,905;0,883;0,779;0,97;0,943;0,989;0,969;209;10742
21;4512-JFI-0358;4512-JFI-0198;BXD040;F38+F31;13.09.2016;51;842, 843 x 844;F2 RI;JAX;WPP;Mus musculus ;male ;spleen;02.01.2006;E00247;1 494 363;424 390;0,9433;38,275;27;0,998;0,826;;1 101 103;75 818;35 397;30 354;828 378 946;310;40;0,003552;0,975159;0,084228;;0,96;0,916;0,892;0,79;0,967;0,943;0,991;0,977;242;9672
22;4512-JFI-0359;4512-JFI-0199;BXD211;F16;01.11.2016;30;ME16K4340;F2 RI;UTHSC;WPP;Mus musculus ;male ;spleen;02.01.2006;E00247;1 455 482;446 570;0,9424;38,2541;28;1,05;0,867;;2 434 896;91 219;36 866;32 489;855 840 546;342;41,1;0,0060087;0,972681;0,098124;;0,958;0,913;0,883;0,775;0,97;0,946;0,991;0,976;304;12125
23;4512-JFI-0360;4512-JFI-0200;BXD227;(BXD192-F8 X BXD196-F16)F2;15.11.2016;64;CB16J4098;F2-G9 RIX RI;UTHSC;WPP;Mus musculus ;male ;spleen;02.01.2006;E00247;1 521 720;468 501;0,9407;38,0809;30;1,102;0,959;;10 816 983;142 122;41 590;34 938;813 981 226;327;39,1;0,0036967;0,971898;0,060703;;0,955;0,904;0,876;0,761;0,964;0,935;0,99;0,971;240;13648
24;4512-JFI-0361;4512-JFI-0201;BXD001;F115+F39;30.08.2016;77;1269, 1270 x 1271;F2 RI;JAX;WPP;Mus musculus ;male ;spleen;02.01.2006;E00247;1 492 252;369 134;0,9405;37,8649;20;0,868;0,801;;683 259;43 572;21 462;20 794;759 496 992;325;36;0,0027666;0,965475;0,10587;;0,947;0,889;0,862;0,742;0,96;0,928;0,986;0,964;231;8696
25;4512-JFI-0362;4512-JFI-0202;BXD155;F22;02.11.2016;29;CB16L4409;F2 RI;UTHSC;WPP;Mus musculus ;male ;spleen;02.01.2006;E00247;1 440 479;545 386;0,9409;37,946;33;1,283;0,853;;3 139 736;184 040;66 185;58 232;785 654 768;341;38;0,0038042;0,972981;0,054061;;0,955;0,903;0,871;0,755;0,964;0,933;0,988;0,967;309;12240
26;4512-JFI-0363;4512-JFI-0203;BXD044;F31+F27;08.09.2016;56;437, 438 x 439;G10 RI;JAX;WPP;Mus musculus ;male ;spleen;02.01.2006;E00438;1 430 819;388 326;0,9434;38,0793;35;0,913;0,836;;1 480 000;102 807;43 199;34 305;810 775 604;367;38,7;0,003604;0,96179;0,072273;;0,945;0,885;0,856;0,736;0,96;0,929;0,99;0,969;286;13245
27;4512-JFI-0364;4512-JFI-0204;BXD031;F107+F41;04.10.2016;30;Pool;F2 RI;JAX;WPP;Mus musculus ;male ;spleen;02.01.2006;E00332;1 434 239;449 825;0,9414;38,2624;34;1,058;0,886;;1 771 395;98 626;50 730;35 527;836 144 010;360;40;0,0348764;0,966008;0,06986;;0,954;0,903;0,837;0,697;0,966;0,94;0,991;0,976;232;10198
28;4512-JFI-0365;4512-JFI-0205;BXD113;F25+F1pF6;05.09.2016;59;170, 171 x 172;F2 RI;JAX;WPP;Mus musculus ;male ;spleen;02.01.2006;E00332;1 422 916;442 561;0,9396;38,3052;31;1,041;0,838;;1 475 864;99 749;41 092;33 235;862 490 532;353;41;0,003733;0,962574;0,068682;;0,95;0,895;0,829;0,69;0,968;0,943;0,992;0,977;257;12755
29;4512-JFI-0366;4512-JFI-0206;BXD196;F16;01.10.2016;61;CB16J4170;F2 RI;UTHSC;WPP;Mus musculus ;male ;spleen;02.01.2006;E00332;1 395 503;425 283;0,9408;38,3654;34;1;0,904;;12 651 640;108 820;42 437;34 792;873 098 970;342;41,5;0,0039573;0,964494;0,063649;;0,949;0,894;0,833;0,694;0,971;0,948;0,993;0,979;254;12210
30;4512-JFI-0367;4512-JFI-0207;BXD131;F10N8F9;03.12.2016;45;CB17A4490;F2 RI;UTHSC;WPP;Mus musculus ;male ;spleen;02.01.2006;E00332;1 395 847;422 825;0,9401;38,4049;37;0,995;0,87;;5 121 829;109 959;47 714;36 898;886 099 630;355;42,2;0,0046115;0,966198;0,066372;;0,951;0,897;0,835;0,694;0,973;0,951;0,993;0,98;341;11918
31;4512-JFI-0368;4512-JFI-0208;BXD011;F117+F44;04.10.2016;34;1086, 1087 x 1088;F2 RI;JAX;WPP;Mus musculus ;male ;spleen;02.01.2006;E00332;1 434 542;517 238;0,9416;38,3874;49;1,217;0,84;;4 416 177;224 786;94 108;54 647;879 401 484;358;42,3;0,0032342;0,969356;0,059635;;0,953;0,901;0,839;0,697;0,97;0,946;0,993;0,98;213;12931
32;4512-JFI-0369;4512-JFI-0209;BXD036;F44+F14pF22;02.03.2016;250;RB 652;F2 RI;JAX;WPP;Mus musculus ;male ;spleen;02.01.2006;E00332;1 421 014;519 824;0,943;38,2615;31;1,223;0,871;;2 769 631;121 171;48 764;34 214;866 979 858;361;41,5;0,003555;0,965681;0,058339;;0,95;0,894;0,833;0,692;0,969;0,943;0,992;0,976;264;13091
33;4512-JFI-0370;4512-JFI-0210;BXD205;F15;08.11.2016;23;ME16L4357;F2 RI;UTHSC;WPP;Mus musculus ;male ;spleen;02.01.2006;E00332;1 390 527;442 223;0,9431;38,1784;28;1,04;0,905;;7 531 855;100 663;39 670;32 387;844 199 478;337;40,3;0,0042998;0,963179;0,079849;;0,954;0,901;0,83;0,687;0,968;0,942;0,991;0,974;233;12357
34;4512-JFI-0371;4512-JFI-0211;BXD225;(BXD109F13N1F9 X BXD189-F14)F3;19.12.2016;30;CB16I3906;F2 RIX RI;UTHSC;WPP;Mus musculus ;male ;spleen;02.01.2006;E00332;1 454 229;397 814;0,9441;38,2158;33;0,936;0,965;;7 514 215;196 821;41 685;34 007;839 890 364;328;40,1;0,0024655;0,966183;0,065223;;0,955;0,903;0,828;0,682;0,956;0,923;0,991;0,975;198;13271
35;4512-JFI-0372;4512-JFI-0212;BXD008;F36p+F37;31.01.2016;289;RB 1007;F2 RI;JAX;WPP;Mus musculus ;male ;spleen;02.01.2006;E00224;1 467 313;482 139;0,9411;38,4528;21;1,134;0,806;;916 204;80 313;41 098;31 583;760 156 026;331;36,6;0,0037738;0,972733;0,04134;;0,962;0,921;0,878;0,765;0,962;0,935;0,993;0,982;143;10420
36;4512-JFI-0373;4512-JFI-0213;BXD150;F27;06.10.2016;56;CB16K4209;F2 RI;UTHSC;WPP;Mus musculus ;male ;spleen;02.01.2006;E00224;1 514 778;453 292;0,9437;38,5662;23;1,066;0,844;;1 265 387;91 880;43 447;32 460;787 638 880;322;38,1;0,0058538;0,975038;0,064665;;0,965;0,928;0,882;0,77;0,973;0,953;0,994;0,985;238;12994
37;4512-JFI-0374;4512-JFI-0214;BXD154;F20+pF5;04.09.2016;60;170, 171 x 172;F2 RI;JAX;WPP;Mus musculus ;male ;spleen;02.01.2006;E00224;1 523 421;433 279;0,9424;38,5406;38;1,019;0,814;;2 680 972;120 278;58 396;40 548;849 785 580;365;41,3;0,0032381;0,975962;0,095625;;0,966;0,929;0,885;0,773;0,974;0,955;0,994;0,984;171;10000
38;4512-JFI-0375;4512-JFI-0215;BXD221;(BXD220-F8 X BXD130-F7N2F6)F3;19.09.2016;121;CB16J40101;F2 RIX RI;UTHSC;WPP;Mus musculus ;male ;spleen;02.01.2006;E00224;1 505 781;532 289;0,9399;38,6004;22;1,252;0,952;;8 776 373;158 834;52 892;41 954;723 674 882;346;35;0,0039054;0,974699;0,037863;;0,964;0,927;0,883;0,775;0,97;0,95;0,995;0,986;128;12217
39;4512-JFI-0376;4512-JFI-0216;BXD224;(BXD200-F12 X BXD207-F10)F4;19.12.2016;30;CB17A4517;F2 RIX RI;UTHSC;WPP;Mus musculus ;male ;spleen;02.01.2006;E00224;1 514 716;373 473;0,9402;38,5797;25;0,879;0,953;;8 312 543;147 242;39 350;32 290;771 071 604;350;36,9;0,0041126;0,970442;0,04954;;0,959;0,918;0,874;0,759;0,97;0,95;0,994;0,985;160;13592
40;4512-JFI-0377;4512-JFI-0217;BXD062;F36+F15;06.09.2016;58;378, 379 x 380;G9 RI;JAX;WPP;Mus musculus ;male ;spleen;02.01.2006;E00224;1 515 372;482 689;0,9412;38,5922;22;1,135;0,809;;1 889 466;121 695;61 241;38 863;842 482 602;345;41,2;0,0055236;0,97893;0,032625;;0,969;0,936;0,895;0,793;0,974;0,956;0,995;0,986;152;11655
41;4512-JFI-0378;4512-JFI-0218;BXD070;F31+F19;17.09.2016;47;404, 405 x 406;G10 RI;JAX;WPP;Mus musculus ;male ;spleen;02.01.2006;E00224;1 506 945;581 078;0,9413;38,5604;23;1,367;0,822;;1 708 546;130 696;62 049;41 352;796 330 794;339;38,7;0,003947;0,976521;0,0379;;0,967;0,931;0,885;0,775;0,968;0,946;0,994;0,985;157;11932
42;4512-JFI-0379;4512-JFI-0219;BXD077;F34+F25;15.09.2016;49;479, 480 x 481;G10 RI;JAX;WPP;Mus musculus ;male ;spleen;02.01.2006;E00224;1 540 170;461 886;0,9417;38,4959;25;1,087;0,832;;1 383 999;108 801;49 423;35 133;833 861 040;333;40,4;0,0035956;0,974686;0,034159;;0,968;0,932;0,883;0,772;0,957;0,929;0,994;0,983;182;13213
43;4512-JFI-0380;4512-JFI-0220;BXD172;F32;06.10.2016;56;CB16J4157;G9 RI;UTHSC;WPP;Mus musculus ;male ;spleen;02.01.2006;E00224;1 542 535;505 908;0,9395;38,4295;24;1,19;0,837;;2 159 530;124 421;52 772;39 050;790 355 522;362;38,6;0,0048584;0,979732;0,045042;;0,964;0,925;0,898;0,802;0,954;0,929;0,991;0,981;169;13013
44;4512-JFI-0381;4512-JFI-0221;BXD048;F33+F21;16.09.2016;48;412, 413 x 414;G10 RI;JAX;WPP;Mus musculus ;male ;spleen;02.01.2006;E00224;1 462 122;548 739;0,938;38,3854;26;1,291;0,809;;2 241 522;111 025;58 580;38 805;789 291 840;297;38,2;0,0035936;0,977364;0,043564;;0,961;0,918;0,889;0,791;0,953;0,928;0,991;0,98;200;9257
45;4512-JFI-0382;4512-JFI-0222;BXD048a;F21+F18;09.10.2016;25;357, 358 x 359;G10 RI;JAX;WPP;Mus musculus ;male ;spleen;02.01.2006;E00224;1 510 379;537 496;0,9426;38,2597;27;1,264;0,795;;1 947 275;100 861;51 712;37 090;828 580 916;345;40,5;0,0029037;0,978786;0,054038;;0,96;0,916;0,892;0,793;0,952;0,925;0,989;0,976;170;9059
46;4512-JFI-0383;4512-JFI-0223;BXD009;F123+F35;23.08.2016;84;1344, 1345 x 1346;F2 RI;JAX;WPP;Mus musculus ;male ;spleen;02.01.2006;E00224;1 459 809;586 412;0,9397;38,4411;23;1,379;0,828;;2 324 679;128 350;55 567;43 026;782 850 236;339;38,1;0,006503;0,97762;0,033509;;0,962;0,921;0,901;0,807;0,951;0,926;0,991;0,981;195;12420
47;4512-JFI-0384;4512-JFI-0224;BXD098;F28+F21;20.09.2016;44;439, 440 x 441;G10 RI;JAX;WPP;Mus musculus ;male ;spleen;02.01.2006;E00224;1 505 031;525 202;0,9392;38,3475;26;1,235;0,819;;1 638 533;112 966;55 139;37 065;778 536 504;328;37,7;0,0041441;0,975436;0,032886;;0,96;0,918;0,898;0,806;0,95;0,922;0,99;0,978;182;10926
48;4512-JFI-0385;4512-JFI-0225;BXD174;F6N6F12;30.12.2016;18;CB16J4097;G9 RI;UTHSC;WPP;Mus musculus ;male ;spleen;02.01.2006;E00224;1 540 921;531 879;0,9412;38,375;18;1,251;0,851;;1 807 750;80 395;38 638;31 167;787 710 698;340;38,3;0,0037421;0,976469;0,035422;;0,962;0,921;0,899;0,808;0,952;0,926;0,99;0,979;184;10913
49;4512-JFI-0386;4512-JFI-0226;BXD065;F29+F11;18.09.2016;46;329, 330 x 331;G9 RI;JAX;WPP;Mus musculus ;male ;spleen;02.01.2006;E00224;1 592 263;564 540;0,9417;38,338;20;1,328;0,814;;1 219 738;97 919;49 572;35 898;803 032 638;302;39,1;0,0035957;0,978208;0,028458;;0,961;0,92;0,902;0,814;0,951;0,923;0,989;0,978;162;9864
50;4512-JFI-0387;4512-JFI-0227;BXD065a;F31+F23;12.09.2016;52;407, 408 x 409;G9 RI;JAX;WPP;Mus musculus ;male ;spleen;02.01.2006;E00224;1 657 760;422 640;0,9435;38,3904;24;0,994;0,81;;1 553 101;101 699;44 873;40 179;805 917 602;319;39,3;0,0035457;0,978161;0,036094;;0,963;0,923;0,905;0,817;0,946;0,917;0,991;0,98;204;9827
51;4512-JFI-0388;4512-JFI-0228;BXD065b;F47+F8;23.11.2015;346;RB 192 ;G9 RI;JAX;WPP;Mus musculus ;male ;spleen;02.01.2006;ST-E00273;1 535 229;542 071;0,942;37,9665;18;1,275;0,807;;866 092;65 428;34 307;27 039;780 944 246;317;37,2;0,0032992;0,965827;0,043039;;0,944;0,883;0,819;0,673;0,954;0,921;0,987;0,967;166;9869
52;4512-JFI-0389;4512-JFI-0229;BXD005;F114+F28;28.09.2016;42;996, 997 x 998;F2 RI;JAX;WPP;Mus musculus ;male ;spleen;02.01.2006;ST-E00273;1 602 023;450 542;0,9427;38,0868;24;1,06;0,814;;1 626 898;74 626;41 168;27 904;825 160 032;336;39,5;0,0025413;0,968787;0,046422;;0,95;0,893;0,817;0,669;0,963;0,935;0,989;0,971;227;9699
53;4512-JFI-0390;4512-JFI-0230;BXD218;F13;22.08.2016;149;CB17A4509;F2 RI;UTHSC;WPP;Mus musculus ;male ;tail;02.01.2006;ST-E00273;1 532 391;205 574;0,941;37,9805;52;0,484;0,919;;6 347 511;89 359;41 897;38 162;793 434 464;317;36,3;0,0046857;0,942206;0,098689;;0,933;0,864;0,807;0,663;0,959;0,928;0,988;0,968;209;10339
54;4512-JFI-0391;4512-JFI-0231;BXD157;F23;13.11.2016;18;CB16L4407;F2 RI;UTHSC;WPP;Mus musculus ;male ;spleen;02.01.2006;ST-E00273;1 546 568;507 288;0,9416;38,1462;26;1,193;0,87;;2 352 753;111 526;44 946;42 842;821 805 632;335;39,1;0,0043729;0,965235;0,042889;;0,945;0,885;0,812;0,664;0,961;0,933;0,99;0,973;185;10186
55;4512-JFI-0392;4512-JFI-0232;BXD015;F99+F27;18.03.2016;242;1049, 1050 x 1051;F2 RI;JAX;WPP;Mus musculus ;male ;spleen;02.01.2006;ST-E00273;1 574 275;562 702;0,9439;38,0526;19;1,324;0,813;;1 488 305;80 333;35 862;31 697;813 705 018;321;38,9;0,0032066;0,967324;0,040396;;0,947;0,887;0,819;0,674;0,961;0,932;0,989;0,97;172;10870
56;4512-JFI-0393;4512-JFI-0233;BXD016;F141+F42;09.10.2016;31;1110, 1112 x 1113 ;F2 RI;JAX;WPP;Mus musculus ;male ;spleen;02.01.2006;ST-E00273;1 556 395;535 919;0,943;37,8908;24;1,261;0,824;;1 822 194;103 262;47 400;36 766;784 902 336;338;37,4;0,0031683;0,962614;0,040276;;0,943;0,879;0,804;0,651;0,958;0,924;0,987;0,965;187;10856
57;4512-JFI-0394;4512-JFI-0234;BXD162;F10N6F9;03.10.2016;106;CB16K4237;G8 RI;UTHSC;WPP;Mus musculus ;male ;tail;02.01.2006;ST-E00273;1 437 902;463 853;0,9483;38,0407;23;1,091;0,944;;8 066 664;98 664;32 458;30 933;848 642 946;335;40,5;0,0027403;0,967143;0,089811;;0,951;0,894;0,813;0,665;0,968;0,942;0,988;0,969;160;10524
58;4512-JFI-0395;4512-JFI-0235;BXD090;F39+20;07.04.2016;210;RB 401 ;G10 RI;JAX;WPP;Mus musculus ;male ;spleen;02.01.2006;E00438;1 380 183;390 303;0,9471;38,0988;24;0,918;0,798;;793 006;62 414;27 171;26 920;826 904 946;346;38,2;0,0034401;0,942238;0,10887;;0,939;0,873;0,801;0,661;0,96;0,927;0,991;0,968;182;11276
59;4512-JFI-0396;4512-JFI-0236;BXD219;F14;08.08.2016;163;CB16I3905;F2 RI;UTHSC;WPP;Mus musculus ;male ;spleen;02.01.2006;ST-E00273;1 369 738;554 754;0,9374;38,1918;25;1,305;0,93;;6 637 276;134 034;45 409;39 758;820 713 012;365;38,5;0,0041643;0,959917;0,080449;;0,932;0,865;0,813;0,664;0,957;0,925;0,99;0,974;172;13781
60;4512-JFI-0397;4512-JFI-0237;BXD049;F20+F18;13.10.2016;21;431, 432 x 433;G10 RI;JAX;WPP;Mus musculus ;male ;spleen;02.01.2006;ST-E00273;1 404 160;367 556;0,9393;38,0697;30;0,865;0,768;;863 782;66 455;35 242;27 516;792 614 418;370;36,8;0,0021943;0,955033;0,088001;;0,927;0,856;0,805;0,656;0,96;0,93;0,989;0,97;149;9369
61;4512-JFI-0398;4512-JFI-0238;BXD191;F17;11.10.2016;51;CB16K4226;F2 RI;UTHSC;WPP;Mus musculus ;male ;spleen;02.01.2006;ST-E00273;1 344 480;505 827;0,9474;37,9934;34;1,19;0,842;;2 639 967;117 495;52 361;41 319;806 627 846;331;38,4;0,0035849;0,966959;0,063273;;0,938;0,871;0,839;0,702;0,964;0,934;0,989;0,968;248;9561
62;4512-JFI-0399;4512-JFI-0239;BXD063;F45+F15;15.04.2016;202;RB 468;G9 RI;JAX;WPP;Mus musculus ;male ;spleen;02.01.2006;ST-E00273;1 415 092;367 790;0,9425;38,0954;30;0,865;0,834;;1 032 472;79 949;31 123;30 242;800 858 532;347;37,6;0,0041387;0,961504;0,051113;;0,932;0,862;0,828;0,689;0,96;0,929;0,99;0,971;319;11825
63;4512-JFI-0400;4512-JFI-0240;BXD069;F34+F19;06.10.2016;28;396, 397 x 398;G10 RI;JAX;WPP;Mus musculus ;male ;spleen;02.01.2006;ST-E00273;1 358 214;552 603;0,9421;38,0791;37;1,3;0,833;;2 262 697;151 455;65 522;46 534;820 458 894;347;38,9;0,0036786;0,965229;0,068222;;0,936;0,869;0,833;0,696;0,964;0,936;0,989;0,971;221;11931
64;4512-JFI-0401;4512-JFI-0241;BXD127;F14N3F6;05.08.2016;165;ME16H3857;F2 RI;UTHSC;WPP;Mus musculus ;male ;spleen;02.01.2006;ST-E00273;1 349 494;450 784;0,9445;38,1214;26;1,06;0,913;;8 823 808;102 880;44 503;34 116;826 775 900;343;39,4;0,0032953;0,967901;0,074845;;0,939;0,875;0,841;0,708;0,964;0,935;0,99;0,972;171;11787
65;4512-JFI-0402;4512-JFI-0242;BXD173;F6N3F13;19.07.2016;182;CB16H3842;G9 RI;UTHSC;WPP;Mus musculus ;male ;spleen;02.01.2006;E00332;1 546 424;466 683;0,9443;38,6318;25;1,098;0,863;;4 219 201;93 247;44 582;35 177;751 958 560;296;36,1;0,0038453;0,97665;0,039762;;0,957;0,914;0,906;0,824;0,982;0,969;0,995;0,987;163;9615
66;4512-JFI-0403;4512-JFI-0243;BXD086;F35+F23;17.09.2016;47;418, 419 x 420;G10 RI;JAX;WPP;Mus musculus ;male ;spleen;02.01.2006;E00332;1 537 358;489 409;0,9439;38,5821;28;1,151;0,828;;1 812 617;103 128;46 951;36 254;867 341 852;301;41,8;0,0038613;0,975999;0,045157;;0,962;0,922;0,907;0,826;0,977;0,961;0,995;0,986;238;10659
67;4512-JFI-0404;4512-JFI-0244;BXD222;(BXD110-F10N3F9 X BXD206-F13)F3;05.09.2016;135;CB16I4035;F2 RIX RI;UTHSC;WPP;Mus musculus ;male ;spleen;02.01.2006;E00332;1 601 376;442 477;0,9456;38,5984;28;1,041;0,97;;8 835 744;159 761;40 680;33 919;896 012 580;300;43,3;0,0033082;0,977213;0,05479;;0,964;0,926;0,914;0,836;0,981;0,966;0,995;0,986;249;12523
68;4512-JFI-0405;4512-JFI-0245;BXD210;F15;08.10.2016;54;CB16K4246;F2 RI;UTHSC;WPP;Mus musculus ;male ;spleen;02.01.2006;E00332;1 642 270;457 453;0,9454;38,368;38;1,076;0,864;;2 849 237;160 404;59 303;54 457;877 835 796;317;42,4;0,0052377;0,975044;0,04856;;0,961;0,917;0,902;0,815;0,976;0,955;0,993;0,979;332;11028
68,5;4512-JFI-0405;4512-JFI-0245;BXD210;F15;08.10.2016;54;CB16K4246;F2 RI;UTHSC;WPP;Mus musculus ;male ;spleen;02.01.2006;E00332;1 642 364;454 328;0,9456;38,368;38;1,069;0,864;;2 711 526;160 025;58 756;54 458;877 835 796;317;42,4;0,0052388;0,975044;0,048561;;0,961;0,917;0,902;0,815;0,976;0,955;0,993;0,979;339;11056
69;4512-JFI-0406;4512-JFI-0246;BXD102;F21+F19;03.10.2016;31;408, 409 x 410;G10 RI;JAX;WPP;Mus musculus ;male ;spleen;02.01.2006;E00332;1 659 458;512 809;0,9461;38,3698;36;1,206;0,836;;4 071 200;144 703;69 500;47 258;884 176 700;303;42,8;0,0028223;0,975323;0,053987;;0,962;0,92;0,896;0,801;0,975;0,954;0,993;0,979;186;9310
70;4512-JFI-0407;4512-JFI-0247;BXD020;F48N5F75+10pF12;13.09.2016;57;Pool ;F2 RI;JAX;WPP;Mus musculus ;male ;spleen;02.01.2006;E00332;1 656 333;393 061;0,949;38,3395;36;0,925;0,8;;2 306 493;128 539;55 181;44 723;892 813 358;282;43,2;0,0025758;0,97538;0,060257;;0,964;0,923;0,897;0,8;0,978;0,958;0,993;0,979;153;9260
71;4512-JFI-0408;4512-JFI-0248;BXD051;F38+F23;02.10.2016;32;484, 485 x 486;G10 RI;JAX;WPP;Mus musculus ;male ;spleen;02.01.2006;E00332;1 627 250;429 986;0,9485;38,355;33;1,011;0,811;;1 971 603;141 678;68 833;47 549;847 467 498;293;41,1;0,0034641;0,975208;0,059319;;0,962;0,92;0,895;0,797;0,959;0,929;0,993;0,979;232;9795
72;4512-JFI-0409;4512-JFI-0249;BXD195;F19;28.09.2016;64;CB16J4169;F2 RI;UTHSC;WPP;Mus musculus ;male ;spleen;02.01.2006;E00247;1 652 014;529 793;0,9493;38,3687;30;1,246;0,903;;6 788 536;142 919;59 125;44 221;880 227 454;335;42,8;0,0044305;0,976912;0,057289;;0,943;0,888;0,9;0,805;0,975;0,955;0,993;0,979;190;11380
73;4512-JFI-0410;4512-JFI-0250;BXD013;F60+pF51;28.09.2016;36;1689, 1690 x 1691;F2 RI;JAX;WPP;Mus musculus ;male ;spleen;02.01.2006;E00247;1 626 953;465 230;0,9492;38,0671;28;1,094;0,829;;2 840 772;134 497;50 078;47 653;802 707 708;313;38,4;0,0079776;0,967858;0,059118;;0,927;0,857;0,879;0,767;0,964;0,935;0,99;0,969;185;11004
74;4512-JFI-0411;4512-JFI-0251;BXD223;(BXD188-F16 X BXD140-F8N1toFemB6D2F1F8)F4;13.11.2016;66;CB16L4414;F2 RIX RI;UTHSC;WPP;Mus musculus ;male ;spleen;02.01.2006;E00247;1 644 119;499 980;0,9517;38,1466;29;1,176;0,962;;6 976 759;197 932;54 046;41 813;835 287 460;302;40,5;0,0026205;0,976146;0,049095;;0,945;0,887;0,893;0,789;0,969;0,943;0,991;0,972;152;12611
75;4512-JFI-0412;4512-JFI-0252;BXD190;F18;10.10.2016;52;CB16K4287;F2 RI;UTHSC;WPP;Mus musculus ;male ;spleen;02.01.2006;E00247;1 586 619;466 886;0,949;38,1029;36;1,098;0,858;;7 962 058;147 861;63 771;45 261;820 570 862;300;39,5;0,0035716;0,972912;0,059947;;0,938;0,875;0,883;0,775;0,965;0,936;0,99;0,971;181;9674
76;4512-JFI-0413;4512-JFI-0253;BXD089;F35+F19;15.09.2016;49;420, 421 x 422;G10 RI;JAX;WPP;Mus musculus ;male ;spleen;02.01.2006;E00247;1 654 717;474 623;0,9516;38,3042;26;1,116;0,824;;1 479 072;100 520;46 569;33 343;863 334 712;280;41,8;0,0039408;0,9774;0,060777;;0,958;0,911;0,892;0,789;0,962;0,934;0,992;0,977;224;11941
77;4512-JFI-0414;4512-JFI-0254;BXD091;F16N4F21+F3pF8;13.10.2016;21;229, 230 x 231;G10 RI;JAX;WPP;Mus musculus ;male ;spleen;02.01.2006;E00364;1 645 486;405 495;0,949;37,6411;28;0,954;0,779;;2 005 333;80 142;45 381;33 886;703 472 982;303;33,5;0,0029846;0,966616;0,058376;;0,936;0,865;0,85;0,717;0,94;0,894;0,985;0,956;206;6953
78;4512-JFI-0415;4512-JFI-0255;BXD032;F96+F34;07.10.2016;33;1005, 1006 x 1007;F2 RI backcrossed once to female DBA/2J;JAX;WPP;Mus musculus ;male ;spleen;02.01.2006;E00247;1 516 987;711 920;0,9475;38,0749;24;1,675;0,862;;1 804 100;185 474;67 017;49 975;796 426 356;311;38,2;0,0062785;0,969156;0,032126;;0,949;0,893;0,867;0,754;0,937;0,896;0,989;0,97;201;17285
79;4512-JFI-0416;4512-JFI-0256;BXD186;F25;01.10.2016;61;CB16J4165;G9 RI;UTHSC;WPP;Mus musculus ;male ;spleen;02.01.2006;E00247;1 493 567;748 452;0,9429;37,9584;23;1,761;0,828;;2 085 560;123 859;57 118;40 535;781 159 406;312;37,3;0,0026952;0,967285;0,031018;;0,94;0,876;0,856;0,737;0,957;0,924;0,988;0,967;131;10166
80;4512-JFI-0417;4512-JFI-0257;BXD148;F11N3F9;08.08.2016;162;CB16I3901;F2 RI;UTHSC;WPP;Mus musculus ;male ;spleen;02.01.2006;E00247;1 521 055;599 935;0,9435;38,01;29;1,411;0,894;;8 305 942;134 849;58 041;42 201;813 555 072;311;38,9;0,0040724;0,968008;0,039653;;0,944;0,885;0,864;0,75;0,961;0,931;0,988;0,969;203;11351
81;4512-JFI-0418;4512-JFI-0258;BXD137;F11N4F7;;NA;CB16I3902;F2 RI;UTHSC;WPP;Mus musculus ;male ;spleen;02.01.2006;E00247;1 540 787;628 898;0,9453;37,9031;26;1,479;0,865;;5 291 840;130 079;56 098;41 380;769 337 164;307;36,8;0,0053762;0,967652;0,032012;;0,942;0,878;0,862;0,746;0,957;0,923;0,988;0,965;190;12012
82;4512-JFI-0419;4512-JFI-0259;BXD050;F21+F23;25.08.2016;70;407, 408 x 409;G10 RI;JAX;WPP;Mus musculus ;male ;spleen;02.01.2006;E00224;1 403 609;688 117;0,9459;38,1956;24;1,619;0,839;;1 952 984;129 172;55 626;41 152;827 621 108;331;40,2;0,0042117;0,977167;0,071658;;0,959;0,914;0,898;0,806;0,96;0,932;0,99;0,975;247;12858
83;4512-JFI-0420;4512-JFI-0260;BXD078_2;F18N5F20+F6;13.10.2016;21;183, 184 x 185 ;G10 RI;JAX;WPP;Mus musculus ;male ;spleen;02.01.2006;E00224;1 432 352;732 429;0,9437;38,3135;37;1,723;0,818;;2 333 530;225 837;95 323;69 140;830 897 396;346;40,5;0,002915;0,979664;0,063797;;0,961;0,918;0,906;0,822;0,969;0,946;0,991;0,978;169;9060
84;4512-JFI-0421;4512-JFI-0261;BXD056;F30+F21;13.10.2016;21;436, 437 x 438;G14 RI;JAX;WPP;Mus musculus ;male ;spleen;02.01.2006;E00224;1 374 574;787 382;0,9483;38,1931;28;1,852;0,83;;2 409 405;158 930;71 591;47 197;824 991 874;324;40,4;0,00448;0,981058;0,061126;;0,961;0,916;0,908;0,822;0,962;0,935;0,99;0,974;222;11622
85;4512-JFI-0422;4512-JFI-0262;BXD198;F15;23.10.2016;39;CB16K4336;F2 RI;UTHSC;WPP;Mus musculus ;male ;spleen;02.01.2006;E00224;1 455 795;613 838;0,9477;38,2282;25;1,444;0,885;;5 627 090;108 653;50 549;36 897;850 311 792;328;41,4;0,0032186;0,979518;0,062788;;0,96;0,917;0,904;0,817;0,966;0,941;0,99;0,976;156;9967
86;4512-JFI-0423;4512-JFI-0263;BXD075;F36+F16;05.10.2016;29;408, 409 x 410;G10 RI;JAX;WPP;Mus musculus ;male ;spleen;02.01.2006;E00224;1 408 280;587 973;0,9493;38,0124;26;1,383;0,837;;1 808 932;113 557;51 310;35 697;814 211 410;296;39,4;0,0036961;0,976141;0,059102;;0,956;0,905;0,888;0,786;0,963;0,933;0,988;0,969;161;11488
87;4512-JFI-0424;4512-JFI-0264;BXD111;F24;28.09.2016;64;CB16J4147;F2 RI;UTHSC;WPP;Mus musculus ;male ;spleen;02.01.2006;E00224;1 430 903;657 244;0,9481;38,2128;22;1,546;0,852;;4 756 940;105 743;49 454;35 998;830 955 486;286;40,2;0,0048683;0,97383;0,05996;;0,961;0,916;0,888;0,786;0,963;0,935;0,991;0,975;189;10046
88;4512-JFI-0425;4512-JFI-0265;BXD187;F17;14.12.2016;35;CB16D3156;F2 RI;UTHSC;WPP;Mus musculus ;male ;spleen;02.01.2006;ST-E00314;1 453 041;506 542;0,9492;37,5324;24;1,192;0,881;;3 971 034;96 530;42 307;31 564;700 887 024;271;33,7;0,0049539;0,973667;0,032244;;0,942;0,874;0,887;0,783;0,953;0,912;0,984;0,952;192;11997
89;4512-JFI-0426;4512-JFI-0266;BXD169;F26;18.09.2016;74;CB16J4129;G9 RI;UTHSC;WPP;Mus musculus ;male ;spleen;02.01.2006;ST-E00314;1 467 051;566 520;0,9466;37,313;24;1,333;0,854;;3 602 683;118 226;53 273;39 362;634 284 522;300;30,6;0,0047358;0,972469;0,033009;;0,941;0,87;0,875;0,76;0,95;0,905;0,981;0,945;182;9934
90;4512-JFI-0427;4512-JFI-0267;BXD160;F28;12.10.2016;50;CB16K4275;G8 RI;UTHSC;WPP;Mus musculus ;male ;spleen;02.01.2006;ST-E00314;1 419 212;605 147;0,9472;37,664;40;1,424;0,838;;4 553 984;203 792;86 861;62 022;730 669 496;297;35,5;0,0036472;0,976222;0,038058;;0,95;0,89;0,887;0,784;0,958;0,92;0,985;0,956;167;9394
91;4512-JFI-0428;4512-JFI-0268;BXD176;F6N3F12;09.05.2016;253;ME16E3253;G9 RI;UTHSC;WPP;Mus musculus ;male ;tail;02.01.2006;ST-E00314;1 378 805;527 842;0,9457;38,3014;27;1,242;0,816;;4 642 309;94 444;43 116;36 087;858 391 722;310;41,8;0,0030532;0,978976;0,062133;;0,963;0,921;0,906;0,818;0,972;0,949;0,992;0,977;170;8845
92;4512-JFI-0429;4512-JFI-0269;BXD085;F34+F14;30.03.2016;218;RB 348;G10 RI;JAX;WPP;Mus musculus ;male ;spleen;02.01.2006;ST-E00314;1 456 264;549 318;0,9444;38,302;24;1,292;0,845;;1 378 396;103 071;43 008;39 514;854 951 706;343;41,4;0,0037258;0,975908;0,072477;;0,964;0,925;0,894;0,797;0,974;0,952;0,992;0,977;234;11629
93;4512-JFI-0430;4512-JFI-0270;BXD002;F146+F40;04.10.2016;34;1329 x 1330;F2 RI;JAX;WPP;Mus musculus ;male ;spleen;02.01.2006;ST-E00314;1 523 543;465 027;0,9409;38,241;24;1,094;0,82;;1 104 082;72 596;37 177;27 485;842 958 222;324;40,4;0,0038652;0,971245;0,073379;;0,96;0,916;0,878;0,77;0,973;0,949;0,991;0,975;191;10671
94;4512-JFI-0431;4512-JFI-0271;BXD123;F30;30.09.2016;62;CB16J4149;F2 RI;UTHSC;WPP;Mus musculus ;male ;spleen;02.01.2006;ST-E00314;1 582 631;474 562;0,945;38,1372;25;1,116;0,837;;1 700 219;81 697;41 035;27 487;833 264 234;322;40,2;0,0038796;0,973853;0,060023;;0,961;0,916;0,883;0,776;0,969;0,942;0,99;0,972;189;10999
95;4512-JFI-0432;4512-JFI-0272;BXD021;F44+pF26;03.10.2016;31;555, 556 x 557;F2 RI;JAX;WPP;Mus musculus ;male ;spleen;02.01.2006;ST-E00314;1 547 066;539 374;0,9447;38,2418;20;1,269;0,828;;835 205;66 880;35 078;25 168;852 876 730;324;41,3;0,0031413;0,975563;0,055103;;0,963;0,92;0,891;0,791;0,974;0,95;0,991;0,975;179;11385
96;4512-JFI-0433;4512-JFI-0273;BXD071;F26+F16;28.03.2016;220;RB 460;G10 RI;JAX;WPP;Mus musculus ;male ;spleen;02.01.2006;ST-E00314;1 520 169;477 852;0,9436;38,2408;16;1,124;0,844;;1 588 042;44 406;26 331;19 563;854 071 350;312;41,1;0,0037179;0,974047;0,053306;;0,962;0,919;0,889;0,789;0,974;0,951;0,991;0,975;211;11050
97;4512-JFI-0434;4512-JFI-0274;BXD183;F7N4F13;22.12.2016;27;CB16G3638;G9 RI;UTHSC;WPP;Mus musculus ;male ;spleen;02.01.2006;ST-E00314;1 583 187;439 625;0,9432;38,3012;24;1,034;0,904;;5 463 053;71 196;36 049;24 107;865 884 570;325;41,7;0,0042704;0,974459;0,058382;;0,964;0,923;0,888;0,787;0,975;0,952;0,992;0,977;194;11133
98;4512-JFI-0435;4512-JFI-0275;BXD084;F29+F17;01.10.2016;33;466, 467 x 468;G10 RI;JAX;WPP;Mus musculus ;male ;spleen;02.01.2006;ST-E00314;1 575 542;558 647;0,9429;38,2774;21;1,314;0,841;;865 096;77 291;41 007;26 762;855 109 956;324;41,5;0,0037408;0,976366;0,054454;;0,965;0,925;0,889;0,788;0,975;0,952;0,992;0,976;176;11941
99;4512-JFI-0436;4512-JFI-0276;BXD099;F25+F20;13.10.2016;21;392, 393 x 394;G10 RI;JAX;WPP;Mus musculus ;male ;spleen;02.01.2006;ST-E00314;1 570 211;403 429;0,9437;38,0084;23;0,949;0,83;;951 447;61 469;32 537;22 278;809 217 650;316;38,7;0,0045614;0,970704;0,059995;;0,956;0,907;0,873;0,761;0,968;0,94;0,988;0,968;217;11604
100;4512-JFI-0437;4512-JFI-0277;BXD170;F34;09.10.2016;53;CB16K4220;G9 RI;UTHSC;WPP;Mus musculus ;male ;spleen;02.01.2006;ST-E00272;1 591 705;546 295;0,9432;38,3963;18;1,285;0,84;;2 074 573;119 122;51 614;34 436;651 171 694;305;31,7;0,0051913;0,981016;0,029365;;0,957;0,907;0,914;0,83;0,964;0,939;0,992;0,98;121;11220
101;4512-JFI-0438;4512-JFI-0278;BXD073;F21+F17;06.10.2016;28;473, 474 x 475 ;G10 RI;JAX;WPP;Mus musculus ;male ;spleen;02.01.2006;ST-E00272;1 420 634;513 131;0,9432;38,4418;18;1,207;0,84;;1 522 190;82 745;41 835;28 376;691 809 780;307;33,4;0,0043201;0,978152;0,047712;;0,957;0,909;0,907;0,82;0,968;0,946;0,993;0,982;182;12566
102;4512-JFI-0439;4512-JFI-0279;BXD073a;F27+F16;14.09.2016;50;383, 384 x 385;G10 RI;JAX;WPP;Mus musculus ;male ;spleen;02.01.2006;ST-E00272;1 459 014;585 295;0,9457;38,444;25;1,377;0,849;;2 285 115;149 314;63 210;44 718;737 149 434;322;35,9;0,0046396;0,980524;0,036979;;0,961;0,916;0,913;0,828;0,968;0,946;0,993;0,982;205;12968
103;4512-JFI-0440;4512-JFI-0280;BXD073b;F17+F17;03.09.2016;61;357, 358 x 359;G10 RI;JAX;WPP;Mus musculus ;male ;spleen;02.01.2006;ST-E00272;1 410 844;430 921;0,9453;38,4833;24;1,014;0,846;;1 354 889;90 634;44 302;29 166;764 966 046;314;36,9;0,0048083;0,977633;0,04799;;0,96;0,915;0,91;0,827;0,97;0,95;0,993;0,983;222;12570
104;4512-JFI-0441;4512-JFI-0281;BXD181;F18N2F5;19.09.2016;121;CB16J4100;G9 RI;UTHSC;WPP;Mus musculus ;male ;spleen;02.01.2006;ST-E00272;1 378 141;542 769;0,9435;38,4572;14;1,277;0,887;;3 173 748;51 098;31 047;20 544;697 169 452;308;33,6;0,0032611;0,97864;0,037161;;0,958;0,912;0,907;0,821;0,968;0,948;0,993;0,982;119;8081
105;4512-JFI-0442;4512-JFI-0282;BXD066;F33+F2pF17;04.10.2016;30;351, 352 x 353;G9 RI;JAX;WPP;Mus musculus ;male ;spleen;02.01.2006;ST-E00272;1 405 824;488 806;0,9406;38,3848;17;1,15;0,814;;880 784;68 557;33 848;26 746;697 966 352;322;33,4;0,0044164;0,973997;0,040414;;0,954;0,907;0,9;0,813;0,96;0,935;0,992;0,98;154;11419
106;4512-JFI-0443;4512-JFI-0283;BXD216;F17;10.10.2016;52;ME16J4175;F2 RI;UTHSC;WPP;Mus musculus ;male ;spleen;02.01.2006;ST-E00272;1 404 399;500 946;0,9483;38,4006;20;1,178;0,91;;7 661 718;90 276;38 960;29 367;806 793 640;284;39;0,0048068;0,979083;0,044776;;0,961;0,918;0,915;0,834;0,967;0,945;0,993;0,98;200;12201
107;4512-JFI-0444;4512-JFI-0284;BXD079;F21+F19;22.09.2016;42;395, 396 x 397;G10 RI;JAX;WPP;Mus musculus ;male ;spleen;02.01.2006;ST-E00272;1 382 047;562 925;0,9449;38,3446;22;1,324;0,837;;1 751 100;107 936;48 847;37 080;754 886 176;313;36,5;0,0037388;0,976636;0,033309;;0,957;0,911;0,903;0,813;0,952;0,921;0,992;0,979;175;12815
108;4512-JFI-0445;4512-JFI-0285;BXD095;F22+F11;27.09.2016;37;214, 215 x 216;G10 RI;JAX;WPP;Mus musculus ;male ;spleen;02.01.2006;ST-E00272;1 383 411;587 220;0,9459;38,3648;14;1,381;0,808;;956 564;57 795;37 638;22 718;660 654 198;318;32,2;0,0034717;0,98116;0,03527;;0,957;0,906;0,906;0,812;0,965;0,939;0,992;0,979;120;9878
109;4512-JFI-0446;4512-JFI-0286;BXD074;F45+F15;14.04.2016;203;RB 387;G10 RI;JAX;WPP;Mus musculus ;male ;spleen;02.01.2006;ST-E00272;1 464 541;625 531;0,9447;38,3848;14;1,471;0,81;;1 013 556;91 659;43 776;35 498;709 611 908;316;34,4;0,0041907;0,97892;0,026358;;0,956;0,907;0,901;0,807;0,964;0,938;0,992;0,98;129;12145
110;4512-JFI-0447;4512-JFI-0287;BXD053;F12N2F30+F9;17.10.2016;29;317, 318 x 319;G14 RI;JAX;WPP;Mus musculus ;male ;spleen;02.01.2006;ST-E00272;1 476 238;604 262;0,9474;38,3995;18;1,421;0,761;;1 857 303;87 477;54 935;38 710;690 137 276;316;33,8;0,0031486;0,982889;0,024079;;0,959;0,909;0,905;0,81;0,971;0,948;0,992;0,98;95;4986
111;4512-JFI-0448;4512-JFI-0288;BXD175;F18;15.10.2015;413;ME15L2513;G9 RI;UTHSC;WPP;Mus musculus ;male ;spleen;02.01.2006;ST-E00272;1 446 008;688 574;0,9439;38,4604;12;1,62;0,841;;2 384 840;91 646;43 191;33 585;668 017 878;315;32,5;0,0053479;0,979878;0,022252;;0,959;0,912;0,902;0,81;0,968;0,945;0,993;0,982;108;12661
112;4512-JFI-0449;4512-JFI-0289;BXD214;F16;01.11.2016;30;ME16K4339;F2 RI;UTHSC;WPP;Mus musculus ;male ;spleen;02.01.2006;ST-E00272;1 448 889;619 474;0,9439;38,4349;10;1,457;0,813;;1 459 378;49 458;29 779;21 870;676 261 128;325;32,7;0,003847;0,977896;0,02535;;0,956;0,907;0,896;0,799;0,963;0,938;0,993;0,981;84;9293
113;4512-JFI-0450;4512-JFI-0290;BXD141;F24;27.08.2016;96;ME16I4024;F2 RI;UTHSC;WPP;Mus musculus ;male ;spleen;02.01.2006;ST-E00272;1 432 130;617 845;0,9491;38,417;18;1,453;0,802;;1 193 582;100 372;49 712;38 480;772 687 262;299;37,4;0,0043279;0,979817;0,023638;;0,958;0,912;0,907;0,821;0,967;0,942;0,993;0,981;139;10009
114;4512-JFI-0451;4512-JFI-0291;BXD033;F39+F39;20.09.2016;50;Pool;F2 RI;JAX;WPP;Mus musculus ;male ;spleen;02.01.2006;ST-E00272;1 462 339;632 910;0,9468;38,4646;17;1,489;0,804;;1 219 029;121 558;60 344;40 569;796 130 040;310;38,9;0,0052108;0,981922;0,018505;;0,964;0,922;0,908;0,818;0,973;0,953;0,993;0,982;131;11319
115;4512-JFI-0452;4512-JFI-0292;BXD184;F22;01.11.2016;30;CB16L4404;G9 RI;UTHSC;WPP;Mus musculus ;male ;spleen;02.01.2006;ST-E00272;1 457 729;669 769;0,9462;38,3203;20;1,576;0,813;;1 325 927;112 401;57 492;41 825;783 093 812;301;38;0,0038653;0,978143;0,025364;;0,957;0,911;0,896;0,8;0,963;0,936;0,992;0,978;162;9337
116;4512-JFI-0453;4512-JFI-0293;BXD038;F37+F33;07.10.2016;27;997, 998 x 999;F2 RI;JAX;WPP;Mus musculus ;male ;spleen;02.01.2006;ST-E00314;1 444 693;566 370;0,951;38,2061;27;1,332;0,813;;2 475 969;109 010;47 993;38 486;841 502 478;314;40,9;0,0037048;0,977385;0,049176;;0,963;0,92;0,891;0,791;0,972;0,947;0,991;0,974;190;10794
117;4512-JFI-0454;4512-JFI-0294;BXD124;F21+F1pF4;17.09.2016;47;158, 159 x 160;F2 RI;JAX;WPP;Mus musculus ;male ;spleen;02.01.2006;ST-E00314;1 352 600;479 600;0,9448;38,2356;26;1,128;0,95;;11 983 674;100 756;36 409;27 329;845 825 258;327;40,5;0,0039422;0,97042;0,076978;;0,958;0,912;0,874;0,766;0,973;0,95;0,991;0,976;208;12764
118;4512-JFI-0455;4512-JFI-0295;BXD088_2;F15N5F21+F2pF4;17.05.2016;170;RB 181;G10 RI;JAX;WPP;Mus musculus ;male ;spleen;02.01.2006;ST-E00314;1 352 444;569 584;0,9487;38,0306;26;1,34;0,769;;1 094 066;66 812;45 444;30 023;819 695 276;325;39,8;0,0017077;0,975607;0,067426;;0,959;0,911;0,882;0,776;0,969;0,94;0,989;0,969;137;5189
119;4512-JFI-0456;4512-JFI-0296;BXD161;F23+pF3;11.09.2016;53;162, 163 x 164;G8 RI;JAX;WPP;Mus musculus ;male ;spleen;02.01.2006;ST-E00314;1 402 009;526 861;0,9476;38,107;29;1,239;0,852;;2 815 158;106 843;48 446;32 832;829 129 180;321;40,2;0,0039716;0,974769;0,05789;;0,96;0,914;0,887;0,781;0,971;0,945;0,99;0,971;259;12170
120;4512-JFI-0457;4512-JFI-0297;BXD151;F27;16.09.2016;76;CB16J4120;F2 RI;UTHSC;WPP;Mus musculus ;male ;spleen;02.01.2006;ST-E00314;1 406 222;566 294;0,9494;38,0794;23;1,332;0,807;;1 564 293;70 157;38 917;30 150;832 770 364;326;40,5;0,0030823;0,975163;0,069357;;0,962;0,916;0,885;0,778;0,971;0,944;0,99;0,971;166;8352
121;4512-JFI-0458;4512-JFI-0298;BXD014;F119+F35;18.02.2016;271;Pool;F2 RI;JAX;WPP;Mus musculus ;male ;spleen;02.01.2006;ST-E00314;1 481 001;514 282;0,9512;38,0335;20;1,21;0,813;;1 119 234;71 191;33 768;29 963;822 332 078;305;39,9;0,0041062;0,975842;0,055367;;0,962;0,915;0,89;0,786;0,971;0,943;0,989;0,969;172;9721
122;4512-JFI-0459;4512-JFI-0299;BXD114;F9N7F12;06.08.2016;164;CB16H3715;F2 RI;UTHSC;WPP;Mus musculus ;male ;spleen;02.01.2006;ST-E00314;1 375 873;155 719;0,9453;38,0111;55;0,366;0,877;;3 932 407;62 962;32 495;30 909;801 200 208;313;36,6;0,0054994;0,941597;0,154586;;0,947;0,893;0,856;0,74;0,968;0,939;0,989;0,968;369;9520
123;4512-JFI-0460;4512-JFI-0300;BXD067;F34+F14;22.03.2016;226;RB 363;G10 RI;JAX;WPP;Mus musculus ;male ;spleen;02.01.2006;ST-E00314;1 303 883;637 023;0,9512;38,0933;24;1,499;0,813;;1 298 631;97 222;46 215;31 608;809 428 874;302;39,2;0,0034654;0,974811;0,048018;;0,961;0,916;0,882;0,774;0,959;0,927;0,99;0,971;180;12455
124;4512-JFI-0461;4512-JFI-0301;BXD061;F28+F13;29.09.2016;35;323, 324 x 325 ;G9 RI;JAX;WPP;Mus musculus ;male ;spleen;02.01.2006;E00247;1 324 517;565 632;0,9456;38,377;27;1,331;0,815;;1 321 219;90 023;41 089;32 831;830 851 122;332;39,9;0,0033518;0,973028;0,049788;;0,956;0,91;0,9;0,816;0,969;0,945;0,992;0,98;160;10971
125;4512-JFI-0462;4512-JFI-0302;BXD068;F21+F24;13.10.2016;21;481, 482 x 483;G10 RI;JAX;WPP;Mus musculus ;male ;spleen;02.01.2006;ST-E00273;1 584 988;538 309;0,9453;37,8268;17;1,266;0,796;;676 342;58 127;36 851;25 154;755 209 392;292;36,5;0,0027608;0,976084;0,036904;;0,948;0,887;0,883;0,776;0,964;0,93;0,987;0,962;137;9016
126;4512-JFI-0463;4512-JFI-0303;BXD083;F26+F14;06.02.2016;271;412, 413 x 414;G10 RI;JAX;WPP;Mus musculus ;male ;spleen;02.01.2006;ST-E00273;1 599 927;553 562;0,9469;37,9147;17;1,302;0,824;;962 397;56 964;33 651;20 828;782 225 762;301;37,8;0,0040727;0,975374;0,040238;;0,951;0,894;0,883;0,777;0,966;0,936;0,988;0,965;164;11852
127;4512-JFI-0464;4512-JFI-0304;BXD012;F104+F33;04.10.2016;34;1151, 1152 x 1153;F2 RI;JAX;WPP;Mus musculus ;male ;spleen;02.01.2006;E00332;1 501 166;562 889;0,9407;38,4349;21;1,324;0,841;;1 109 165;57 204;34 505;22 975;882 902 630;305;42,5;0,0042177;0,975748;0,036133;;0,962;0,923;0,906;0,827;0,974;0,953;0,993;0,981;252;10633
128;4512-JFI-0465;4512-JFI-0305;BXD060;F39+F15;26.01.2016;282;RB 431;G9 RI;JAX;WPP;Mus musculus ;male ;spleen;02.01.2006;E00332;1 562 501;561 976;0,9358;38,5148;15;1,322;0,832;;1 079 899;42 495;27 191;20 451;878 877 450;311;42,3;0,0042918;0,976499;0,035852;;0,963;0,924;0,907;0,826;0,981;0,967;0,994;0,984;181;9741
129;4512-JFI-0466;4512-JFI-0306;BXD168;F25;05.06.2016;179;CB16G3628;G9 RI;UTHSC;WPP;Mus musculus ;male ;spleen;02.01.2006;E00332;1 594 812;625 854;0,9388;38,5034;26;1,472;0,837;;1 195 308;98 625;46 914;36 075;915 571 238;305;44,5;0,0033715;0,979969;0,036487;;0,967;0,929;0,914;0,836;0,982;0,966;0,994;0,983;219;9574
130;4512-JFI-0467;4512-JFI-0307;BXD122;F23;22.08.2016;101;ME16I3968;F2 RI;UTHSC;WPP;Mus musculus ;male ;spleen;02.01.2006;E00332;1 586 472;510 679;0,9444;38,4019;28;1,201;0,845;;4 423 753;93 392;41 872;33 605;903 601 718;318;43,7;0,0030585;0,976904;0,053757;;0,963;0,921;0,917;0,845;0,975;0,954;0,993;0,981;172;10676
131;4512-JFI-0468;4512-JFI-0308;BXD209;F10;19.11.2016;60;ME15L2172;F2 RI;UTHSC;WPP;Mus musculus ;male ;spleen;02.01.2006;E00332;1 616 170;556 633;0,9409;38,4993;26;1,309;0,909;;6 363 826;113 353;42 326;35 797;938 103 160;313;45,6;0,0038217;0,978214;0,040628;;0,969;0,935;0,916;0,838;0,98;0,963;0,994;0,983;151;12423
132;4512-JFI-0469;4512-JFI-0309;BXD100;F22+F23;16.09.2016;48;415, 416 x 417;G10 RI;JAX;WPP;Mus musculus ;male ;spleen;02.01.2006;E00332;1 563 010;559 031;0,9424;38,0009;29;1,315;0,799;;1 161 321;100 853;53 619;35 108;825 778 562;280;40;0,0033864;0,975951;0,036627;;0,963;0,916;0,896;0,798;0,972;0,944;0,989;0,969;243;9076
133;4512-JFI-0470;4512-JFI-0310;BXD027;F139+36;13.09.2016;57;Pool;F2 RI;JAX;WPP;Mus musculus ;male ;spleen;02.01.2006;E00332;1 640 391;573 775;0,944;37,958;30;1,35;0,877;;1 938 079;136 523;62 864;43 852;800 117 812;307;38,7;0,0100029;0,972776;0,03649;;0,958;0,907;0,884;0,779;0,969;0,938;0,989;0,967;213;10700
134;4512-JFI-0471;4512-JFI-0311;BXD042;F43+F42;27.09.2016;37;1110, 1111 x 1112;F2 RI;JAX;WPP;Mus musculus ;male ;spleen;02.01.2006;E00332;1 656 525;511 578;0,9473;37,9644;28;1,203;0,796;;1 564 092;117 393;54 336;37 990;788 476 334;299;38,2;0,0036397;0,97374;0,039232;;0,961;0,913;0,888;0,782;0,962;0,928;0,989;0,967;137;10643
135;4512-JFI-0472;4512-JFI-0312;BXD125;F22+F18;31.08.2016;64;212, 213 x 214;F2 RI;JAX;WPP;Mus musculus ;male ;spleen;02.01.2006;E00431;1 617 123;590 068;0,9456;37,8389;18;1,388;0,849;;6 286 441;88 143;41 345;29 395;744 822 668;315;36;0,004603;0,975639;0,04085;;0,95;0,892;0,899;0,807;0,966;0,935;0,987;0,963;177;13060
136;4512-JFI-0473;4512-JFI-0313;BXD217;F11;15.11.2016;64;CB16L4416;F2 RI;UTHSC;WPP;Mus musculus ;male ;spleen;02.01.2006;E00431;1 611 805;602 549;0,9469;37,6014;15;1,417;0,9;;4 690 883;72 886;34 485;24 454;695 484 494;303;33,6;0,004226;0,976825;0,038531;;0,939;0,869;0,89;0,79;0,96;0,922;0,984;0,954;116;11771
137;4512-JFI-0474;4512-JFI-0314;BXD006;F149+F39;04.10.2016;34;1046, 1047 x 1048;F2 RI;JAX;WPP;Mus musculus ;male ;spleen;02.01.2006;E00431;1 612 472;463 214;0,9451;37,495;22;1,09;0,805;;1 199 325;76 477;40 134;29 020;666 002 348;295;32;0,0039104;0,972932;0,038133;;0,943;0,875;0,891;0,791;0,953;0,912;0,984;0,951;182;9855
138;4512-JFI-0475;4512-JFI-0315;BXD101;F26+F14;29.03.2016;219;RB 369;G10 RI;JAX;WPP;Mus musculus ;male ;spleen;02.01.2006;E00431;1 635 309;472 850;0,9481;37,2434;21;1,112;0,796;;1 568 795;85 702;42 744;30 806;600 907 322;288;28,9;0,0042417;0,973334;0,040499;;0,938;0,865;0,888;0,782;0,949;0,902;0,981;0,943;168;10144
139;4512-JFI-0476;4512-JFI-0316;BXD215;F15;06.10.2016;56;ME16J4173;F2 RI;UTHSC;WPP;Mus musculus ;male ;spleen;02.01.2006;E00431;1 666 574;538 817;0,9434;37,0753;13;1,268;0,875;;2 965 678;64 384;32 370;22 694;557 371 282;286;26,8;0,0035497;0,973195;0,031235;;0,934;0,856;0,885;0,777;0,945;0,894;0,979;0,938;129;9069
140;4512-JFI-0477;4512-JFI-0317;BXD018;F128+F36;03.10.2016;37;1012, 1013 x 1014;F2 RI;JAX;WPP;Mus musculus ;male ;spleen;02.01.2006;E00431;1 605 062;463 436;0,9487;37,7178;27;1,09;0,825;;1 405 989;95 967;46 570;32 002;729 714 776;285;35,2;0,0048631;0,975225;0,048018;;0,951;0,892;0,902;0,809;0,964;0,929;0,986;0,959;262;11643
141;4512-JFI-0478;4512-JFI-0318;BXD039;F45+F36;20.09.2016;44;1033, 1034 x 1035;F2 RI;JAX;WPP;Mus musculus ;male ;spleen;02.01.2006;E00431;1 576 370;536 617;0,9469;37,3596;18;1,262;0,82;;1 227 389;76 966;40 561;27 548;632 284 214;305;30,3;0,0038035;0,969839;0,029512;;0,937;0,862;0,869;0,757;0,948;0,902;0,982;0,947;189;11233
142;4512-JFI-0479;4512-JFI-0319;BXD197;F18;11.10.2016;51;ME16K4228;F2 RI;UTHSC;WPP;Mus musculus ;male ;spleen;02.01.2006;E00431;1 576 477;569 624;0,946;37,2434;19;1,34;0,885;;4 940 796;124 472;45 382;37 288;593 900 542;320;28,5;0,0051732;0,970925;0,029392;;0,933;0,855;0,878;0,769;0,938;0,889;0,981;0,943;163;14138
143;4512-JFI-0480;4512-JFI-0320;BXD204;F15;11.10.2016;51;CB16K4337;F2 RI;UTHSC;WPP;Mus musculus ;male ;spleen;02.01.2006;ST-E00273;1 540 551;548 387;0,9388;38,174;22;1,29;0,908;;5 369 008;80 018;38 719;24 528;822 520 810;327;39,1;0,0041207;0,967804;0,031713;;0,944;0,885;0,872;0,767;0,963;0,935;0,99;0,972;205;12640
144;4512-JFI-0481;4512-JFI-0321;BXD019;F125+F38;04.10.2016;36;1005, 1006 x 1007;F2 RI;JAX;WPP;Mus musculus ;male ;spleen;02.01.2006;ST-E00273;1 564 248;557 937;0,9417;37,8782;16;1,312;0,812;;842 105;49 245;29 915;20 351;754 190 578;316;36;0,0033519;0,969081;0,031135;;0,943;0,881;0,879;0,779;0,955;0,92;0,987;0,964;147;10855
145;4512-JFI-0482;4512-JFI-0322;BXD087;F26+F19;04.10.2016;30;370, 371 x 372;G10 RI;JAX;WPP;Mus musculus ;male ;spleen;02.01.2006;ST-E00273;1 574 831;548 125;0,9445;38,0979;24;1,289;0,852;;1 482 606;97 082;41 635;32 853;829 545 402;321;39,9;0,0037165;0,973426;0,035321;;0,952;0,899;0,898;0,81;0,967;0,939;0,989;0,971;268;12524
146;4512-JFI-0483;4512-JFI-0323;BXD064;F45+F17;10.09.2016;54;385, 386 x 387;G9 RI;JAX;WPP;Mus musculus ;male ;spleen;02.01.2006;ST-E00273;1 568 895;543 869;0,9417;38,2584;30;1,279;0,842;;1 910 772;123 736;52 934;38 416;852 677 240;326;41;0,0043913;0,974411;0,035845;;0,954;0,902;0,896;0,808;0,97;0,946;0,991;0,976;218;12714
147;4512-JFI-0484;4512-JFI-0324;BXD171;F28;03.08.2016;120;ME16H3866;G9 RI;UTHSC;WPP;Mus musculus ;male ;spleen;02.01.2006;ST-E00273;1 579 193;502 043;0,9455;37,911;21;1,181;0,833;;3 512 927;63 868;33 778;25 812;783 626 206;306;37,8;0,004766;0,974549;0,037928;;0,951;0,894;0,9;0,811;0,959;0,925;0,988;0,965;157;9185
148;4512-JFI-0485;4512-JFI-0325;BXD194;F17;11.10.2016;99;CB16K4227;F2 RI;UTHSC;WPP;Mus musculus ;male ;spleen;02.01.2006;ST-E00273;1 574 914;542 481;0,9447;38,0979;24;1,276;0,853;;2 026 128;97 200;41 682;32 854;829 545 402;321;39,9;0,0037167;0,973426;0,035323;;0,952;0,899;0,898;0,81;0,967;0,939;0,989;0,971;269;12543
148,5;4512-JFI-0485;4512-JFI-0325;BXD194;F17;11.10.2016;99;CB16K4227;F2 RI;UTHSC;WPP;Mus musculus ;male ;spleen;02.01.2006;ST-E00273;1 511 894;488 246;0,95;37,7664;31;1,149;0,86;;5 251 945;126 151;56 314;44 918;750 053 594;271;36,3;0,0036706;0,97702;0,041661;;0,952;0,894;0,905;0,816;0,96;0,925;0,987;0,96;240;8386
149;4512-JFI-0486;4512-JFI-0326;BXD045;F20+F16;12.09.2016;52;374, 375 x 376 ;G10 RI;JAX;WPP;Mus musculus ;male ;spleen;02.01.2006;ST-E00273;1 588 584;591 662;0,9485;37,6251;21;1,392;0,806;;1 786 843;92 016;49 120;32 555;698 586 080;322;33,8;0,004917;0,974136;0,034935;;0,944;0,878;0,887;0,787;0,954;0,914;0,985;0,956;149;9606
150;4512-JFI-0487;4512-JFI-0327;BXD081;F31+F5pF3;21.04.2016;196;RB 545;G10 RI;JAX;WPP;Mus musculus ;male ;spleen;02.01.2006;ST-E00273;1 556 480;508 008;0,9492;37,6772;28;1,195;0,807;;1 686 696;101 161;53 588;34 972;701 446 164;320;33,7;0,003368;0,971964;0,037923;;0,943;0,877;0,887;0,786;0,941;0,896;0,986;0,957;183;9045
151;4512-JFI-0488;4512-JFI-0328;BXD226;(BXD212-F14 X BXD134-F8)F3;12.09.2016;128;CB16J4102;F2 RIX RI;UTHSC;WPP;Mus musculus ;male ;spleen;02.01.2006;E00224;1 604 942;579 919;0,9437;38,0541;18;1,364;0,954;;6 633 453;96 770;34 074;25 864;824 689 140;326;39,8;0,0037162;0,97435;0,036247;;0,959;0,914;0,916;0,845;0,962;0,934;0,988;0,97;175;12660
152;4512-JFI-0489;4512-JFI-0329;BXD043;F38+F17;29.09.2016;35;387, 388 x 389;G10 RI;JAX;WPP;Mus musculus ;male ;spleen;02.01.2006;E00224;1 505 088;589 716;0,9368;38,2336;19;1,387;0,817;;873 437;57 290;34 338;23 543;829 376 514;319;39,5;0,0035438;0,971256;0,032595;;0,956;0,911;0,913;0,843;0,964;0,94;0,99;0,976;141;9032
153;4512-JFI-0490;4512-JFI-0330;BXD177;F22;05.09.2016;134;CB15J4076;G9 RI;UTHSC;WPP;Mus musculus ;male ;tail;02.01.2006;E00224;1 591 214;581 222;0,9438;38,0828;19;1,367;0,832;;903 565;77 551;36 197;29 747;823 985 930;317;39,6;0,0036457;0,974615;0,035674;;0,958;0,912;0,919;0,852;0,961;0,932;0,989;0,971;141;11477
154;4512-JFI-0491;4512-JFI-0331;BXD213;F15;29.10.2016;33;CB16L4354;F2 RI;UTHSC;WPP;Mus musculus ;male ;spleen;02.01.2006;E00224;1 613 861;471 669;0,9421;38,1318;30;1,11;0,872;;3 179 971;110 223;49 160;34 975;833 464 266;339;40;0,0035686;0,972311;0,039462;;0,957;0,911;0,915;0,845;0,964;0,937;0,989;0,972;207;11889
155;4512-JFI-0492;4512-JFI-0332;BXD128;F26;14.08.2016;109;ME16I3909;F2 RI;UTHSC;WPP;Mus musculus ;male ;spleen;02.01.2006;E00224;1 649 271;515 177;0,9465;37,9543;22;1,212;0,855;;2 347 140;81 692;39 307;28 824;812 542 222;324;39,5;0,0038816;0,978351;0,04028;;0,961;0,914;0,926;0,859;0,964;0,935;0,988;0,967;174;10862
156;4512-JFI-0494;4512-JFI-0493;BXD147;F23;10.09.2016;124;CB17A4516;F2 RI;UTHSC;WPP;Mus musculus ;male ;tail;02.01.2006;E00224;1 591 708;528 596;0,9436;38,1077;19;1,243;0,837;;2 168 581;68 076;32 591;28 289;851 585 798;290;40,9;0,0038907;0,97568;0,041696;;0,961;0,916;0,923;0,857;0,967;0,942;0,989;0,972;172;11074
